{
 "antibiotic_ceft_20220313": {
  "SP1": {
   "c": -1.364310521113434,
   "m": 1.4201730815193816,
   "s": 1.1197114156328747
  },
  "SP2": {
   "c": 1.238823126815886,
   "m": 0.9889057760832836,
   "s": 0.03733149120955438
  },
  "SP3": {
   "c": -0.3862516447617433,
   "m": 0.9967980270109373,
   "s": 0.011894161750227557
  },
  "SP4": {
   "c": -3.9059985900770493,
   "m": 2.716831661222733,
   "s": 4.073117040574834
  },
  "intercept": -1.6590129528526643
 },
 "mfdfa_qsd_ecoli_ciprofloxacin_20221129": {
  "SP1": {
   "c": -2.734996147409417,
   "m": 1.889728136209476,
   "s": 1.0678780882352985
  },
  "SP2": {
   "c": 1.049351179021642,
   "m": 0.9508060777751718,
   "s": 0.263452470511178
  },
  "SP3": {
   "c": 0.4826958180053144,
   "m": 1.0530803574640344,
   "s": 0.29323795671478364
  },
  "SP4": {
   "c": -0.3020245461666155,
   "m": 0.02403015857895051,
   "s": 0.022524196357406216
  },
  "intercept": -0.49807212579432536
 },
 "ceftazidime_avibactam_20230918": {
  "SP1": {
   "c": 2.2048931371447993,
   "m": 0.7321131774267086,
   "s": 0.5180467071291713
  },
  "SP2": {
   "c": -2.062230242634514,
   "m": 71.63400797545822,
   "s": 78.16320137968205
  },
  "SP3": {
   "c": -0.4699218953525056,
   "m": 0.1131274107072741,
   "s": 0.03751176035845635
  },
  "SP4": {
   "c": -0.4448582134930697,
   "m": -0.6528108214867312,
   "s": 0.8853652156913826
  },
  "SP5": {
   "c": -1.1730291133190631,
   "m": -0.012246089282158428,
   "s": 0.019325644720230704
  },
  "SP6": {
   "c": -0.7401053097350048,
   "m": 0.021407126456907663,
   "s": 0.006519716799388472
  },
  "intercept": 0.08986337518042835
 },
 "mfdfa_qsd_ecoli_cefotaxime_20221129": {
  "SP1": {
   "c": -9.431352012489219,
   "m": 1.3699842706576133,
   "s": 2.1710345350647784
  },
  "SP2": {
   "c": 0.8576212936047198,
   "m": 0.9982467939293052,
   "s": 0.07887674742864077
  },
  "SP3": {
   "c": 11.765249076405214,
   "m": 1.1430784452510576,
   "s": 1.0637568670361495
  },
  "SP4": {
   "c": 0.5979843157377185,
   "m": 1.379604545320849,
   "s": 1.4335925817992248
  },
  "SP5": {
   "c": -1.271359154555863,
   "m": 7.412378521540851,
   "s": 41.49909715535123
  },
  "intercept": -0.19860417235526906
 },
 "mfdfa_qsd_kpneumoniae_ciprofloxacin_1": {
  "SP1": {
   "c": -3.9983523753312817,
   "m": 1.8013930856788574,
   "s": 1.1109776136145377
  },
  "intercept": -0.95673749683656
 },
 "mfdfa_qsd_kpneumoniae_ciprofloxacin_2": {
  "SP1": {
   "c": -3.4472843704182727,
   "m": 1.8013930856788574,
   "s": 1.1109776136145377
  },
  "SP2": {
   "c": -3.0087944829104334,
   "m": 2.439942693610008,
   "s": 2.577021358239002
  },
  "intercept": -1.5675876535663207
 },
 "mfdfa_qsd_kpneumoniae_ciprofloxacin_3": {
  "SP1": {
   "c": -3.6980863239738273,
   "m": 1.8013930856788574,
   "s": 1.1109776136145377
  },
  "SP2": {
   "c": -2.6590629108443036,
   "m": 2.439942693610008,
   "s": 2.577021358239002
  },
  "SP3": {
   "c": 0.398341913539297,
   "m": 0.9294679516115265,
   "s": 0.2565122704549782
  },
  "intercept": -1.515565629189567
 },
 "mfdfa_qsd_kpneumoniae_ciprofloxacin_4": {
  "SP1": {
   "c": -3.742847744557609,
   "m": 1.8013930856788574,
   "s": 1.1109776136145377
  },
  "SP2": {
   "c": -2.7762517961447832,
   "m": 2.439942693610008,
   "s": 2.577021358239002
  },
  "SP3": {
   "c": 0.3841156336266622,
   "m": 0.9294679516115265,
   "s": 0.2565122704549782
  },
  "SP4": {
   "c": 0.33205581383641525,
   "m": 12.451533269822026,
   "s": 45.531236953564594
  },
  "intercept": -1.5453870221710537
 }
}